dataset_type,num_samples,mean_mse,std_mse,mean_magnitude_mse,std_magnitude_mse,mean_psnr,std_psnr,mean_magnitude_psnr,std_magnitude_psnr
drugs,4000,0.0049012474665651095,0.00212258650087223,0.007410442648193566,0.004517036520920398,23.421002792358397,1.6783130979249683,21.9264459400177,2.2978363310673293
