{
  "field_methods": [
    "gaussian_mag",
    "tanh"
  ],
  "sample_indices": [
    4
  ],
  "comparison_results": {
    "gaussian_mag": {
      "rmsd_values": [
        0.720781683921814
      ],
      "reconstruction_losses": [
        0.0005217263824306428
      ],
      "rmsd_hungarian_values": [
        0.00024364580167457461
      ],
      "reconstruction_times": [
        57.89006686210632
      ],
      "sample_details": {
        "4": {
          "rmsd": 0.720781683921814,
          "rmsd_hungarian": 0.00024364580167457461,
          "reconstruction_loss": 0.0005217263824306428,
          "reconstruction_time": 57.89006686210632,
          "gt_atoms": 9,
          "recon_atoms": 9,
          "gt_types": [
            0,
            0,
            3,
            2,
            1,
            1,
            1,
            1,
            1
          ],
          "recon_types": [
            0,
            0,
            1,
            1,
            1,
            1,
            1,
            2,
            3
          ],
          "gif_path": "vecmol/field_set/recon/gt_field_sample_4_gaussian_mag.gif",
          "comparison_path": "vecmol/field_set/recon/gt_field_sample_4_gaussian_mag_final.png"
        }
      }
    },
    "tanh": {
      "rmsd_values": [
        0.16665972769260406
      ],
      "reconstruction_losses": [
        0.009640832431614399
      ],
      "rmsd_hungarian_values": [
        0.0045958152040839195
      ],
      "reconstruction_times": [
        41.35346817970276
      ],
      "sample_details": {
        "4": {
          "rmsd": 0.16665972769260406,
          "rmsd_hungarian": 0.0045958152040839195,
          "reconstruction_loss": 0.009640832431614399,
          "reconstruction_time": 41.35346817970276,
          "gt_atoms": 9,
          "recon_atoms": 9,
          "gt_types": [
            0,
            0,
            3,
            2,
            1,
            1,
            1,
            1,
            1
          ],
          "recon_types": [
            0,
            0,
            1,
            1,
            1,
            1,
            1,
            2,
            3
          ],
          "gif_path": "vecmol/field_set/recon/gt_field_sample_4_tanh.gif",
          "comparison_path": "vecmol/field_set/recon/gt_field_sample_4_tanh_final.png"
        }
      }
    }
  },
  "summary_statistics": {
    "gaussian_mag": {
      "rmsd_mean": 0.720781683921814,
      "rmsd_std": 0.0,
      "rmsd_hungarian_mean": 0.00024364580167457461,
      "rmsd_hungarian_std": 0.0,
      "loss_mean": 0.0005217263824306428,
      "loss_std": 0.0,
      "time_mean": 57.89006686210632,
      "time_std": 0.0
    },
    "tanh": {
      "rmsd_mean": 0.16665972769260406,
      "rmsd_std": 0.0,
      "rmsd_hungarian_mean": 0.0045958152040839195,
      "rmsd_hungarian_std": 0.0,
      "loss_mean": 0.009640832431614399,
      "loss_std": 0.0,
      "time_mean": 41.35346817970276,
      "time_std": 0.0
    }
  }
}